"x","y","pch","col","bg","cex","x.orig","y.orig"
1,76.4023356117233,1,"black",NA,0.6,NA,76.19
1,74.1610535709261,1,"black",NA,0.6,NA,74.06
1,73.0404125505275,1,"black",NA,0.6,NA,72.79
0.956222378606615,71.9197715301289,1,"black",NA,0.6,NA,71.9
0.978111189303308,71.9197715301289,1,"black",NA,0.6,NA,71.81
1,71.9197715301289,1,"black",NA,0.6,NA,71.51
1.02188881069669,71.9197715301289,1,"black",NA,0.6,NA,71.5
1.04377762139338,71.9197715301289,1,"black",NA,0.6,NA,71.39
0.890555946516538,70.7991305097304,1,"black",NA,0.6,NA,71.35
0.91244475721323,70.7991305097304,1,"black",NA,0.6,NA,71.35
0.934333567909923,70.7991305097304,1,"black",NA,0.6,NA,71.34
0.956222378606615,70.7991305097304,1,"black",NA,0.6,NA,71.33
0.978111189303308,70.7991305097304,1,"black",NA,0.6,NA,70.95
1,70.7991305097304,1,"black",NA,0.6,NA,70.81
1.02188881069669,70.7991305097304,1,"black",NA,0.6,NA,70.81
1.04377762139338,70.7991305097304,1,"black",NA,0.6,NA,70.76
1.06566643209008,70.7991305097304,1,"black",NA,0.6,NA,70.53
1.08755524278677,70.7991305097304,1,"black",NA,0.6,NA,70.49
1.10944405348346,70.7991305097304,1,"black",NA,0.6,NA,70.45
0.934333567909923,69.6784894893318,1,"black",NA,0.6,NA,69.87
0.956222378606615,69.6784894893318,1,"black",NA,0.6,NA,69.82
0.978111189303308,69.6784894893318,1,"black",NA,0.6,NA,69.7
1,69.6784894893318,1,"black",NA,0.6,NA,69.67
1.02188881069669,69.6784894893318,1,"black",NA,0.6,NA,69.67
1.04377762139338,69.6784894893318,1,"black",NA,0.6,NA,69.57
1.06566643209008,69.6784894893318,1,"black",NA,0.6,NA,69.31
0.923389162561576,68.5578484689332,1,"black",NA,0.6,NA,69.1
0.945277973258269,68.5578484689332,1,"black",NA,0.6,NA,68.86
0.967166783954961,68.5578484689332,1,"black",NA,0.6,NA,68.85
0.989055594651654,68.5578484689332,1,"black",NA,0.6,NA,68.51
1.01094440534835,68.5578484689332,1,"black",NA,0.6,NA,68.49
1.03283321604504,68.5578484689332,1,"black",NA,0.6,NA,68.47
1.05472202674173,68.5578484689332,1,"black",NA,0.6,NA,68.04
1.07661083743842,68.5578484689332,1,"black",NA,0.6,NA,68.03
0.934333567909923,67.4372074485346,1,"black",NA,0.6,NA,67.91
0.956222378606615,67.4372074485346,1,"black",NA,0.6,NA,67.9
0.978111189303308,67.4372074485346,1,"black",NA,0.6,NA,67.89
1,67.4372074485346,1,"black",NA,0.6,NA,67.84
1.02188881069669,67.4372074485346,1,"black",NA,0.6,NA,67.77
1.04377762139338,67.4372074485346,1,"black",NA,0.6,NA,67.66
1.06566643209008,67.4372074485346,1,"black",NA,0.6,NA,66.92
0.835833919774806,66.316566428136,1,"black",NA,0.6,NA,66.8
0.857722730471499,66.316566428136,1,"black",NA,0.6,NA,66.72
0.879611541168191,66.316566428136,1,"black",NA,0.6,NA,66.63
0.901500351864884,66.316566428136,1,"black",NA,0.6,NA,66.51
0.923389162561576,66.316566428136,1,"black",NA,0.6,NA,66.5
0.945277973258269,66.316566428136,1,"black",NA,0.6,NA,66.37
0.967166783954961,66.316566428136,1,"black",NA,0.6,NA,66.33
0.989055594651654,66.316566428136,1,"black",NA,0.6,NA,66.26
1.01094440534835,66.316566428136,1,"black",NA,0.6,NA,66.21
1.03283321604504,66.316566428136,1,"black",NA,0.6,NA,66.21
1.05472202674173,66.316566428136,1,"black",NA,0.6,NA,66.11
1.07661083743842,66.316566428136,1,"black",NA,0.6,NA,66.04
1.09849964813512,66.316566428136,1,"black",NA,0.6,NA,65.92
1.12038845883181,66.316566428136,1,"black",NA,0.6,NA,65.86
1.1422772695285,66.316566428136,1,"black",NA,0.6,NA,65.82
1.16416608022519,66.316566428136,1,"black",NA,0.6,NA,65.79
0.813945109078114,65.1959254077374,1,"black",NA,0.6,NA,65.68
0.835833919774806,65.1959254077374,1,"black",NA,0.6,NA,65.64
0.857722730471499,65.1959254077374,1,"black",NA,0.6,NA,65.52
0.879611541168191,65.1959254077374,1,"black",NA,0.6,NA,65.46
0.901500351864884,65.1959254077374,1,"black",NA,0.6,NA,65.44
0.923389162561576,65.1959254077374,1,"black",NA,0.6,NA,65.38
0.945277973258269,65.1959254077374,1,"black",NA,0.6,NA,65.32
0.967166783954961,65.1959254077374,1,"black",NA,0.6,NA,65.28
0.989055594651654,65.1959254077374,1,"black",NA,0.6,NA,65.27
1.01094440534835,65.1959254077374,1,"black",NA,0.6,NA,65.04
1.03283321604504,65.1959254077374,1,"black",NA,0.6,NA,64.95
1.05472202674173,65.1959254077374,1,"black",NA,0.6,NA,64.95
1.07661083743842,65.1959254077374,1,"black",NA,0.6,NA,64.95
1.09849964813512,65.1959254077374,1,"black",NA,0.6,NA,64.84
1.12038845883181,65.1959254077374,1,"black",NA,0.6,NA,64.83
1.1422772695285,65.1959254077374,1,"black",NA,0.6,NA,64.8
1.16416608022519,65.1959254077374,1,"black",NA,0.6,NA,64.79
1.18605489092189,65.1959254077374,1,"black",NA,0.6,NA,64.66
0.857722730471499,64.0752843873388,1,"black",NA,0.6,NA,64.57
0.879611541168191,64.0752843873388,1,"black",NA,0.6,NA,64.54
0.901500351864884,64.0752843873388,1,"black",NA,0.6,NA,64.49
0.923389162561576,64.0752843873388,1,"black",NA,0.6,NA,64.43
0.945277973258269,64.0752843873388,1,"black",NA,0.6,NA,64.13
0.967166783954961,64.0752843873388,1,"black",NA,0.6,NA,64.01
0.989055594651654,64.0752843873388,1,"black",NA,0.6,NA,63.96
1.01094440534835,64.0752843873388,1,"black",NA,0.6,NA,63.83
1.03283321604504,64.0752843873388,1,"black",NA,0.6,NA,63.83
1.05472202674173,64.0752843873388,1,"black",NA,0.6,NA,63.69
1.07661083743842,64.0752843873388,1,"black",NA,0.6,NA,63.68
1.09849964813512,64.0752843873388,1,"black",NA,0.6,NA,63.67
1.12038845883181,64.0752843873388,1,"black",NA,0.6,NA,63.65
1.1422772695285,64.0752843873388,1,"black",NA,0.6,NA,63.54
0.792056298381421,62.9546433669402,1,"black",NA,0.6,NA,63.51
0.813945109078114,62.9546433669402,1,"black",NA,0.6,NA,63.5
0.835833919774806,62.9546433669402,1,"black",NA,0.6,NA,63.25
0.857722730471499,62.9546433669402,1,"black",NA,0.6,NA,63.21
0.879611541168191,62.9546433669402,1,"black",NA,0.6,NA,63.17
0.901500351864884,62.9546433669402,1,"black",NA,0.6,NA,63.15
0.923389162561576,62.9546433669402,1,"black",NA,0.6,NA,63.14
0.945277973258269,62.9546433669402,1,"black",NA,0.6,NA,63.08
0.967166783954961,62.9546433669402,1,"black",NA,0.6,NA,63.04
0.989055594651654,62.9546433669402,1,"black",NA,0.6,NA,62.95
1.01094440534835,62.9546433669402,1,"black",NA,0.6,NA,62.94
1.03283321604504,62.9546433669402,1,"black",NA,0.6,NA,62.87
1.05472202674173,62.9546433669402,1,"black",NA,0.6,NA,62.84
1.07661083743842,62.9546433669402,1,"black",NA,0.6,NA,62.83
1.09849964813512,62.9546433669402,1,"black",NA,0.6,NA,62.79
1.12038845883181,62.9546433669402,1,"black",NA,0.6,NA,62.71
1.1422772695285,62.9546433669402,1,"black",NA,0.6,NA,62.57
1.16416608022519,62.9546433669402,1,"black",NA,0.6,NA,62.54
1.18605489092189,62.9546433669402,1,"black",NA,0.6,NA,62.5
1.20794370161858,62.9546433669402,1,"black",NA,0.6,NA,62.44
0.835833919774806,61.8340023465416,1,"black",NA,0.6,NA,62.25
0.857722730471499,61.8340023465416,1,"black",NA,0.6,NA,62.01
0.879611541168191,61.8340023465416,1,"black",NA,0.6,NA,61.93
0.901500351864884,61.8340023465416,1,"black",NA,0.6,NA,61.86
0.923389162561576,61.8340023465416,1,"black",NA,0.6,NA,61.82
0.945277973258269,61.8340023465416,1,"black",NA,0.6,NA,61.79
0.967166783954961,61.8340023465416,1,"black",NA,0.6,NA,61.74
0.989055594651654,61.8340023465416,1,"black",NA,0.6,NA,61.74
1.01094440534835,61.8340023465416,1,"black",NA,0.6,NA,61.72
1.03283321604504,61.8340023465416,1,"black",NA,0.6,NA,61.7
1.05472202674173,61.8340023465416,1,"black",NA,0.6,NA,61.66
1.07661083743842,61.8340023465416,1,"black",NA,0.6,NA,61.63
1.09849964813512,61.8340023465416,1,"black",NA,0.6,NA,61.61
1.12038845883181,61.8340023465416,1,"black",NA,0.6,NA,61.45
1.1422772695285,61.8340023465416,1,"black",NA,0.6,NA,61.37
1.16416608022519,61.8340023465416,1,"black",NA,0.6,NA,61.29
0.726389866291344,60.713361326143,1,"black",NA,0.6,NA,61.27
0.748278676988037,60.713361326143,1,"black",NA,0.6,NA,61.14
0.770167487684729,60.713361326143,1,"black",NA,0.6,NA,61.12
0.792056298381421,60.713361326143,1,"black",NA,0.6,NA,61.07
0.813945109078114,60.713361326143,1,"black",NA,0.6,NA,61.04
0.835833919774806,60.713361326143,1,"black",NA,0.6,NA,61.03
0.857722730471499,60.713361326143,1,"black",NA,0.6,NA,61.03
0.879611541168191,60.713361326143,1,"black",NA,0.6,NA,61.02
0.901500351864884,60.713361326143,1,"black",NA,0.6,NA,60.87
0.923389162561576,60.713361326143,1,"black",NA,0.6,NA,60.82
0.945277973258269,60.713361326143,1,"black",NA,0.6,NA,60.74
0.967166783954961,60.713361326143,1,"black",NA,0.6,NA,60.73
0.989055594651654,60.713361326143,1,"black",NA,0.6,NA,60.69
1.01094440534835,60.713361326143,1,"black",NA,0.6,NA,60.68
1.03283321604504,60.713361326143,1,"black",NA,0.6,NA,60.59
1.05472202674173,60.713361326143,1,"black",NA,0.6,NA,60.5
1.07661083743842,60.713361326143,1,"black",NA,0.6,NA,60.48
1.09849964813512,60.713361326143,1,"black",NA,0.6,NA,60.46
1.12038845883181,60.713361326143,1,"black",NA,0.6,NA,60.41
1.1422772695285,60.713361326143,1,"black",NA,0.6,NA,60.38
1.16416608022519,60.713361326143,1,"black",NA,0.6,NA,60.36
1.18605489092189,60.713361326143,1,"black",NA,0.6,NA,60.33
1.20794370161858,60.713361326143,1,"black",NA,0.6,NA,60.3
1.22983251231527,60.713361326143,1,"black",NA,0.6,NA,60.28
1.25172132301196,60.713361326143,1,"black",NA,0.6,NA,60.25
1.27361013370866,60.713361326143,1,"black",NA,0.6,NA,60.23
0.682612244897959,59.5927203057444,1,"black",NA,0.6,NA,60.11
0.704501055594652,59.5927203057444,1,"black",NA,0.6,NA,60.07
0.726389866291344,59.5927203057444,1,"black",NA,0.6,NA,59.99
0.748278676988037,59.5927203057444,1,"black",NA,0.6,NA,59.97
0.770167487684729,59.5927203057444,1,"black",NA,0.6,NA,59.95
0.792056298381421,59.5927203057444,1,"black",NA,0.6,NA,59.95
0.813945109078114,59.5927203057444,1,"black",NA,0.6,NA,59.89
0.835833919774806,59.5927203057444,1,"black",NA,0.6,NA,59.82
0.857722730471499,59.5927203057444,1,"black",NA,0.6,NA,59.81
0.879611541168191,59.5927203057444,1,"black",NA,0.6,NA,59.79
0.901500351864884,59.5927203057444,1,"black",NA,0.6,NA,59.78
0.923389162561576,59.5927203057444,1,"black",NA,0.6,NA,59.73
0.945277973258269,59.5927203057444,1,"black",NA,0.6,NA,59.72
0.967166783954961,59.5927203057444,1,"black",NA,0.6,NA,59.69
0.989055594651654,59.5927203057444,1,"black",NA,0.6,NA,59.58
1.01094440534835,59.5927203057444,1,"black",NA,0.6,NA,59.54
1.03283321604504,59.5927203057444,1,"black",NA,0.6,NA,59.52
1.05472202674173,59.5927203057444,1,"black",NA,0.6,NA,59.5
1.07661083743842,59.5927203057444,1,"black",NA,0.6,NA,59.46
1.09849964813512,59.5927203057444,1,"black",NA,0.6,NA,59.41
1.12038845883181,59.5927203057444,1,"black",NA,0.6,NA,59.39
1.1422772695285,59.5927203057444,1,"black",NA,0.6,NA,59.37
1.16416608022519,59.5927203057444,1,"black",NA,0.6,NA,59.33
1.18605489092189,59.5927203057444,1,"black",NA,0.6,NA,59.26
1.20794370161858,59.5927203057444,1,"black",NA,0.6,NA,59.25
1.22983251231527,59.5927203057444,1,"black",NA,0.6,NA,59.19
1.25172132301196,59.5927203057444,1,"black",NA,0.6,NA,59.19
1.27361013370866,59.5927203057444,1,"black",NA,0.6,NA,59.1
1.29549894440535,59.5927203057444,1,"black",NA,0.6,NA,59.08
1.31738775510204,59.5927203057444,1,"black",NA,0.6,NA,59.07
0.748278676988037,58.4720792853458,1,"black",NA,0.6,NA,59.02
0.770167487684729,58.4720792853458,1,"black",NA,0.6,NA,58.97
0.792056298381421,58.4720792853458,1,"black",NA,0.6,NA,58.97
0.813945109078114,58.4720792853458,1,"black",NA,0.6,NA,58.87
0.835833919774806,58.4720792853458,1,"black",NA,0.6,NA,58.76
0.857722730471499,58.4720792853458,1,"black",NA,0.6,NA,58.71
0.879611541168191,58.4720792853458,1,"black",NA,0.6,NA,58.71
0.901500351864884,58.4720792853458,1,"black",NA,0.6,NA,58.54
0.923389162561576,58.4720792853458,1,"black",NA,0.6,NA,58.51
0.945277973258269,58.4720792853458,1,"black",NA,0.6,NA,58.49
0.967166783954961,58.4720792853458,1,"black",NA,0.6,NA,58.44
0.989055594651654,58.4720792853458,1,"black",NA,0.6,NA,58.43
1.01094440534835,58.4720792853458,1,"black",NA,0.6,NA,58.41
1.03283321604504,58.4720792853458,1,"black",NA,0.6,NA,58.35
1.05472202674173,58.4720792853458,1,"black",NA,0.6,NA,58.27
1.07661083743842,58.4720792853458,1,"black",NA,0.6,NA,58.27
1.09849964813512,58.4720792853458,1,"black",NA,0.6,NA,58.19
1.12038845883181,58.4720792853458,1,"black",NA,0.6,NA,58.17
1.1422772695285,58.4720792853458,1,"black",NA,0.6,NA,58.17
1.16416608022519,58.4720792853458,1,"black",NA,0.6,NA,58.15
1.18605489092189,58.4720792853458,1,"black",NA,0.6,NA,58.14
1.20794370161858,58.4720792853458,1,"black",NA,0.6,NA,58.13
1.22983251231527,58.4720792853458,1,"black",NA,0.6,NA,58.11
1.25172132301196,58.4720792853458,1,"black",NA,0.6,NA,57.99
0.638834623504574,57.3514382649472,1,"black",NA,0.6,NA,57.91
0.660723434201267,57.3514382649472,1,"black",NA,0.6,NA,57.87
0.682612244897959,57.3514382649472,1,"black",NA,0.6,NA,57.86
0.704501055594652,57.3514382649472,1,"black",NA,0.6,NA,57.85
0.726389866291344,57.3514382649472,1,"black",NA,0.6,NA,57.84
0.748278676988037,57.3514382649472,1,"black",NA,0.6,NA,57.79
0.770167487684729,57.3514382649472,1,"black",NA,0.6,NA,57.78
0.792056298381421,57.3514382649472,1,"black",NA,0.6,NA,57.74
0.813945109078114,57.3514382649472,1,"black",NA,0.6,NA,57.68
0.835833919774806,57.3514382649472,1,"black",NA,0.6,NA,57.65
0.857722730471499,57.3514382649472,1,"black",NA,0.6,NA,57.64
0.879611541168191,57.3514382649472,1,"black",NA,0.6,NA,57.62
0.901500351864884,57.3514382649472,1,"black",NA,0.6,NA,57.58
0.923389162561576,57.3514382649472,1,"black",NA,0.6,NA,57.5
0.945277973258269,57.3514382649472,1,"black",NA,0.6,NA,57.5
0.967166783954961,57.3514382649472,1,"black",NA,0.6,NA,57.43
0.989055594651654,57.3514382649472,1,"black",NA,0.6,NA,57.36
1.01094440534835,57.3514382649472,1,"black",NA,0.6,NA,57.34
1.03283321604504,57.3514382649472,1,"black",NA,0.6,NA,57.32
1.05472202674173,57.3514382649472,1,"black",NA,0.6,NA,57.27
1.07661083743842,57.3514382649472,1,"black",NA,0.6,NA,57.2
1.09849964813512,57.3514382649472,1,"black",NA,0.6,NA,57.16
1.12038845883181,57.3514382649472,1,"black",NA,0.6,NA,57.15
1.1422772695285,57.3514382649472,1,"black",NA,0.6,NA,57.14
1.16416608022519,57.3514382649472,1,"black",NA,0.6,NA,57.14
1.18605489092189,57.3514382649472,1,"black",NA,0.6,NA,57.04
1.20794370161858,57.3514382649472,1,"black",NA,0.6,NA,57.04
1.22983251231527,57.3514382649472,1,"black",NA,0.6,NA,57.01
1.25172132301196,57.3514382649472,1,"black",NA,0.6,NA,56.97
1.27361013370866,57.3514382649472,1,"black",NA,0.6,NA,56.97
1.29549894440535,57.3514382649472,1,"black",NA,0.6,NA,56.92
1.31738775510204,57.3514382649472,1,"black",NA,0.6,NA,56.88
1.33927656579873,57.3514382649472,1,"black",NA,0.6,NA,56.85
1.36116537649543,57.3514382649472,1,"black",NA,0.6,NA,56.81
0.748278676988037,56.2307972445486,1,"black",NA,0.6,NA,56.76
0.770167487684729,56.2307972445486,1,"black",NA,0.6,NA,56.74
0.792056298381421,56.2307972445486,1,"black",NA,0.6,NA,56.72
0.813945109078114,56.2307972445486,1,"black",NA,0.6,NA,56.67
0.835833919774806,56.2307972445486,1,"black",NA,0.6,NA,56.58
0.857722730471499,56.2307972445486,1,"black",NA,0.6,NA,56.56
0.879611541168191,56.2307972445486,1,"black",NA,0.6,NA,56.48
0.901500351864884,56.2307972445486,1,"black",NA,0.6,NA,56.47
0.923389162561576,56.2307972445486,1,"black",NA,0.6,NA,56.44
0.945277973258269,56.2307972445486,1,"black",NA,0.6,NA,56.39
0.967166783954961,56.2307972445486,1,"black",NA,0.6,NA,56.29
0.989055594651654,56.2307972445486,1,"black",NA,0.6,NA,56.25
1.01094440534835,56.2307972445486,1,"black",NA,0.6,NA,56.23
1.03283321604504,56.2307972445486,1,"black",NA,0.6,NA,56.15
1.05472202674173,56.2307972445486,1,"black",NA,0.6,NA,56.14
1.07661083743842,56.2307972445486,1,"black",NA,0.6,NA,56.02
1.09849964813512,56.2307972445486,1,"black",NA,0.6,NA,56.01
1.12038845883181,56.2307972445486,1,"black",NA,0.6,NA,55.94
1.1422772695285,56.2307972445486,1,"black",NA,0.6,NA,55.89
1.16416608022519,56.2307972445486,1,"black",NA,0.6,NA,55.84
1.18605489092189,56.2307972445486,1,"black",NA,0.6,NA,55.84
1.20794370161858,56.2307972445486,1,"black",NA,0.6,NA,55.83
1.22983251231527,56.2307972445486,1,"black",NA,0.6,NA,55.77
1.25172132301196,56.2307972445486,1,"black",NA,0.6,NA,55.72
0.693556650246305,55.11015622415,1,"black",NA,0.6,NA,55.65
0.715445460942998,55.11015622415,1,"black",NA,0.6,NA,55.65
0.73733427163969,55.11015622415,1,"black",NA,0.6,NA,55.63
0.759223082336383,55.11015622415,1,"black",NA,0.6,NA,55.63
0.781111893033075,55.11015622415,1,"black",NA,0.6,NA,55.58
0.803000703729768,55.11015622415,1,"black",NA,0.6,NA,55.56
0.82488951442646,55.11015622415,1,"black",NA,0.6,NA,55.55
0.846778325123153,55.11015622415,1,"black",NA,0.6,NA,55.48
0.868667135819845,55.11015622415,1,"black",NA,0.6,NA,55.42
0.890555946516538,55.11015622415,1,"black",NA,0.6,NA,55.37
0.91244475721323,55.11015622415,1,"black",NA,0.6,NA,55.33
0.934333567909923,55.11015622415,1,"black",NA,0.6,NA,55.16
0.956222378606615,55.11015622415,1,"black",NA,0.6,NA,55.11
0.978111189303308,55.11015622415,1,"black",NA,0.6,NA,55.04
1,55.11015622415,1,"black",NA,0.6,NA,54.87
1.02188881069669,55.11015622415,1,"black",NA,0.6,NA,54.79
1.04377762139338,55.11015622415,1,"black",NA,0.6,NA,54.79
1.06566643209008,55.11015622415,1,"black",NA,0.6,NA,54.77
1.08755524278677,55.11015622415,1,"black",NA,0.6,NA,54.77
1.10944405348346,55.11015622415,1,"black",NA,0.6,NA,54.74
1.13133286418015,55.11015622415,1,"black",NA,0.6,NA,54.73
1.15322167487685,55.11015622415,1,"black",NA,0.6,NA,54.72
1.17511048557354,55.11015622415,1,"black",NA,0.6,NA,54.71
1.19699929627023,55.11015622415,1,"black",NA,0.6,NA,54.69
1.21888810696692,55.11015622415,1,"black",NA,0.6,NA,54.67
1.24077691766362,55.11015622415,1,"black",NA,0.6,NA,54.65
1.26266572836031,55.11015622415,1,"black",NA,0.6,NA,54.64
1.284554539057,55.11015622415,1,"black",NA,0.6,NA,54.57
1.30644334975369,55.11015622415,1,"black",NA,0.6,NA,54.56
0.73733427163969,53.9895152037515,1,"black",NA,0.6,NA,54.45
0.759223082336383,53.9895152037515,1,"black",NA,0.6,NA,54.37
0.781111893033075,53.9895152037515,1,"black",NA,0.6,NA,54.37
0.803000703729768,53.9895152037515,1,"black",NA,0.6,NA,54.36
0.82488951442646,53.9895152037515,1,"black",NA,0.6,NA,54.35
0.846778325123153,53.9895152037515,1,"black",NA,0.6,NA,54.28
0.868667135819845,53.9895152037515,1,"black",NA,0.6,NA,54.28
0.890555946516538,53.9895152037515,1,"black",NA,0.6,NA,54.21
0.91244475721323,53.9895152037515,1,"black",NA,0.6,NA,54.19
0.934333567909923,53.9895152037515,1,"black",NA,0.6,NA,54.19
0.956222378606615,53.9895152037515,1,"black",NA,0.6,NA,54.14
0.978111189303308,53.9895152037515,1,"black",NA,0.6,NA,54.13
1,53.9895152037515,1,"black",NA,0.6,NA,54.11
1.02188881069669,53.9895152037515,1,"black",NA,0.6,NA,54.08
1.04377762139338,53.9895152037515,1,"black",NA,0.6,NA,54.06
1.06566643209008,53.9895152037515,1,"black",NA,0.6,NA,53.92
1.08755524278677,53.9895152037515,1,"black",NA,0.6,NA,53.83
1.10944405348346,53.9895152037515,1,"black",NA,0.6,NA,53.76
1.13133286418015,53.9895152037515,1,"black",NA,0.6,NA,53.74
1.15322167487685,53.9895152037515,1,"black",NA,0.6,NA,53.7
1.17511048557354,53.9895152037515,1,"black",NA,0.6,NA,53.69
1.19699929627023,53.9895152037515,1,"black",NA,0.6,NA,53.68
1.21888810696692,53.9895152037515,1,"black",NA,0.6,NA,53.67
1.24077691766362,53.9895152037515,1,"black",NA,0.6,NA,53.63
1.26266572836031,53.9895152037515,1,"black",NA,0.6,NA,53.45
0.715445460942998,52.8688741833529,1,"black",NA,0.6,NA,53.41
0.73733427163969,52.8688741833529,1,"black",NA,0.6,NA,53.33
0.759223082336383,52.8688741833529,1,"black",NA,0.6,NA,53.28
0.781111893033075,52.8688741833529,1,"black",NA,0.6,NA,53.14
0.803000703729768,52.8688741833529,1,"black",NA,0.6,NA,53.14
0.82488951442646,52.8688741833529,1,"black",NA,0.6,NA,53.13
0.846778325123153,52.8688741833529,1,"black",NA,0.6,NA,53.1
0.868667135819845,52.8688741833529,1,"black",NA,0.6,NA,53.09
0.890555946516538,52.8688741833529,1,"black",NA,0.6,NA,53.08
0.91244475721323,52.8688741833529,1,"black",NA,0.6,NA,53.07
0.934333567909923,52.8688741833529,1,"black",NA,0.6,NA,53.03
0.956222378606615,52.8688741833529,1,"black",NA,0.6,NA,52.96
0.978111189303308,52.8688741833529,1,"black",NA,0.6,NA,52.87
1,52.8688741833529,1,"black",NA,0.6,NA,52.75
1.02188881069669,52.8688741833529,1,"black",NA,0.6,NA,52.71
1.04377762139338,52.8688741833529,1,"black",NA,0.6,NA,52.68
1.06566643209008,52.8688741833529,1,"black",NA,0.6,NA,52.64
1.08755524278677,52.8688741833529,1,"black",NA,0.6,NA,52.62
1.10944405348346,52.8688741833529,1,"black",NA,0.6,NA,52.6
1.13133286418015,52.8688741833529,1,"black",NA,0.6,NA,52.57
1.15322167487685,52.8688741833529,1,"black",NA,0.6,NA,52.55
1.17511048557354,52.8688741833529,1,"black",NA,0.6,NA,52.55
1.19699929627023,52.8688741833529,1,"black",NA,0.6,NA,52.44
1.21888810696692,52.8688741833529,1,"black",NA,0.6,NA,52.38
1.24077691766362,52.8688741833529,1,"black",NA,0.6,NA,52.37
1.26266572836031,52.8688741833529,1,"black",NA,0.6,NA,52.36
1.284554539057,52.8688741833529,1,"black",NA,0.6,NA,52.32
0.715445460942998,51.7482331629543,1,"black",NA,0.6,NA,52.27
0.73733427163969,51.7482331629543,1,"black",NA,0.6,NA,52.27
0.759223082336383,51.7482331629543,1,"black",NA,0.6,NA,52.21
0.781111893033075,51.7482331629543,1,"black",NA,0.6,NA,52.2
0.803000703729768,51.7482331629543,1,"black",NA,0.6,NA,52.16
0.82488951442646,51.7482331629543,1,"black",NA,0.6,NA,52.07
0.846778325123153,51.7482331629543,1,"black",NA,0.6,NA,52.03
0.868667135819845,51.7482331629543,1,"black",NA,0.6,NA,52
0.890555946516538,51.7482331629543,1,"black",NA,0.6,NA,51.96
0.91244475721323,51.7482331629543,1,"black",NA,0.6,NA,51.95
0.934333567909923,51.7482331629543,1,"black",NA,0.6,NA,51.93
0.956222378606615,51.7482331629543,1,"black",NA,0.6,NA,51.9
0.978111189303308,51.7482331629543,1,"black",NA,0.6,NA,51.89
1,51.7482331629543,1,"black",NA,0.6,NA,51.77
1.02188881069669,51.7482331629543,1,"black",NA,0.6,NA,51.65
1.04377762139338,51.7482331629543,1,"black",NA,0.6,NA,51.59
1.06566643209008,51.7482331629543,1,"black",NA,0.6,NA,51.57
1.08755524278677,51.7482331629543,1,"black",NA,0.6,NA,51.57
1.10944405348346,51.7482331629543,1,"black",NA,0.6,NA,51.56
1.13133286418015,51.7482331629543,1,"black",NA,0.6,NA,51.46
1.15322167487685,51.7482331629543,1,"black",NA,0.6,NA,51.41
1.17511048557354,51.7482331629543,1,"black",NA,0.6,NA,51.39
1.19699929627023,51.7482331629543,1,"black",NA,0.6,NA,51.33
1.21888810696692,51.7482331629543,1,"black",NA,0.6,NA,51.29
1.24077691766362,51.7482331629543,1,"black",NA,0.6,NA,51.27
1.26266572836031,51.7482331629543,1,"black",NA,0.6,NA,51.22
1.284554539057,51.7482331629543,1,"black",NA,0.6,NA,51.2
0.770167487684729,50.6275921425557,1,"black",NA,0.6,NA,51.09
0.792056298381421,50.6275921425557,1,"black",NA,0.6,NA,51.07
0.813945109078114,50.6275921425557,1,"black",NA,0.6,NA,51.06
0.835833919774806,50.6275921425557,1,"black",NA,0.6,NA,51.04
0.857722730471499,50.6275921425557,1,"black",NA,0.6,NA,51.01
0.879611541168191,50.6275921425557,1,"black",NA,0.6,NA,50.98
0.901500351864884,50.6275921425557,1,"black",NA,0.6,NA,50.98
0.923389162561576,50.6275921425557,1,"black",NA,0.6,NA,50.94
0.945277973258269,50.6275921425557,1,"black",NA,0.6,NA,50.75
0.967166783954961,50.6275921425557,1,"black",NA,0.6,NA,50.75
0.989055594651654,50.6275921425557,1,"black",NA,0.6,NA,50.69
1.01094440534835,50.6275921425557,1,"black",NA,0.6,NA,50.69
1.03283321604504,50.6275921425557,1,"black",NA,0.6,NA,50.58
1.05472202674173,50.6275921425557,1,"black",NA,0.6,NA,50.56
1.07661083743842,50.6275921425557,1,"black",NA,0.6,NA,50.55
1.09849964813512,50.6275921425557,1,"black",NA,0.6,NA,50.48
1.12038845883181,50.6275921425557,1,"black",NA,0.6,NA,50.48
1.1422772695285,50.6275921425557,1,"black",NA,0.6,NA,50.46
1.16416608022519,50.6275921425557,1,"black",NA,0.6,NA,50.27
1.18605489092189,50.6275921425557,1,"black",NA,0.6,NA,50.2
1.20794370161858,50.6275921425557,1,"black",NA,0.6,NA,50.2
1.22983251231527,50.6275921425557,1,"black",NA,0.6,NA,50.14
0.781111893033075,49.5069511221571,1,"black",NA,0.6,NA,50.05
0.803000703729768,49.5069511221571,1,"black",NA,0.6,NA,49.97
0.82488951442646,49.5069511221571,1,"black",NA,0.6,NA,49.95
0.846778325123153,49.5069511221571,1,"black",NA,0.6,NA,49.9
0.868667135819845,49.5069511221571,1,"black",NA,0.6,NA,49.83
0.890555946516538,49.5069511221571,1,"black",NA,0.6,NA,49.78
0.91244475721323,49.5069511221571,1,"black",NA,0.6,NA,49.72
0.934333567909923,49.5069511221571,1,"black",NA,0.6,NA,49.71
0.956222378606615,49.5069511221571,1,"black",NA,0.6,NA,49.56
0.978111189303308,49.5069511221571,1,"black",NA,0.6,NA,49.53
1,49.5069511221571,1,"black",NA,0.6,NA,49.41
1.02188881069669,49.5069511221571,1,"black",NA,0.6,NA,49.39
1.04377762139338,49.5069511221571,1,"black",NA,0.6,NA,49.24
1.06566643209008,49.5069511221571,1,"black",NA,0.6,NA,49.23
1.08755524278677,49.5069511221571,1,"black",NA,0.6,NA,49.21
1.10944405348346,49.5069511221571,1,"black",NA,0.6,NA,49.16
1.13133286418015,49.5069511221571,1,"black",NA,0.6,NA,49.12
1.15322167487685,49.5069511221571,1,"black",NA,0.6,NA,49.05
1.17511048557354,49.5069511221571,1,"black",NA,0.6,NA,49.02
1.19699929627023,49.5069511221571,1,"black",NA,0.6,NA,48.99
1.21888810696692,49.5069511221571,1,"black",NA,0.6,NA,48.98
0.803000703729768,48.3863101017585,1,"black",NA,0.6,NA,48.88
0.82488951442646,48.3863101017585,1,"black",NA,0.6,NA,48.84
0.846778325123153,48.3863101017585,1,"black",NA,0.6,NA,48.75
0.868667135819845,48.3863101017585,1,"black",NA,0.6,NA,48.74
0.890555946516538,48.3863101017585,1,"black",NA,0.6,NA,48.67
0.91244475721323,48.3863101017585,1,"black",NA,0.6,NA,48.63
0.934333567909923,48.3863101017585,1,"black",NA,0.6,NA,48.62
0.956222378606615,48.3863101017585,1,"black",NA,0.6,NA,48.59
0.978111189303308,48.3863101017585,1,"black",NA,0.6,NA,48.44
1,48.3863101017585,1,"black",NA,0.6,NA,48.32
1.02188881069669,48.3863101017585,1,"black",NA,0.6,NA,48.22
1.04377762139338,48.3863101017585,1,"black",NA,0.6,NA,48.21
1.06566643209008,48.3863101017585,1,"black",NA,0.6,NA,48.16
1.08755524278677,48.3863101017585,1,"black",NA,0.6,NA,48.12
1.10944405348346,48.3863101017585,1,"black",NA,0.6,NA,48.03
1.13133286418015,48.3863101017585,1,"black",NA,0.6,NA,47.97
1.15322167487685,48.3863101017585,1,"black",NA,0.6,NA,47.94
1.17511048557354,48.3863101017585,1,"black",NA,0.6,NA,47.94
1.19699929627023,48.3863101017585,1,"black",NA,0.6,NA,47.93
0.748278676988037,47.2656690813599,1,"black",NA,0.6,NA,47.82
0.770167487684729,47.2656690813599,1,"black",NA,0.6,NA,47.82
0.792056298381421,47.2656690813599,1,"black",NA,0.6,NA,47.82
0.813945109078114,47.2656690813599,1,"black",NA,0.6,NA,47.8
0.835833919774806,47.2656690813599,1,"black",NA,0.6,NA,47.8
0.857722730471499,47.2656690813599,1,"black",NA,0.6,NA,47.7
0.879611541168191,47.2656690813599,1,"black",NA,0.6,NA,47.68
0.901500351864884,47.2656690813599,1,"black",NA,0.6,NA,47.67
0.923389162561576,47.2656690813599,1,"black",NA,0.6,NA,47.65
0.945277973258269,47.2656690813599,1,"black",NA,0.6,NA,47.53
0.967166783954961,47.2656690813599,1,"black",NA,0.6,NA,47.47
0.989055594651654,47.2656690813599,1,"black",NA,0.6,NA,47.39
1.01094440534835,47.2656690813599,1,"black",NA,0.6,NA,47.33
1.03283321604504,47.2656690813599,1,"black",NA,0.6,NA,47.31
1.05472202674173,47.2656690813599,1,"black",NA,0.6,NA,47.3
1.07661083743842,47.2656690813599,1,"black",NA,0.6,NA,47.27
1.09849964813512,47.2656690813599,1,"black",NA,0.6,NA,47.26
1.12038845883181,47.2656690813599,1,"black",NA,0.6,NA,47.18
1.1422772695285,47.2656690813599,1,"black",NA,0.6,NA,46.99
1.16416608022519,47.2656690813599,1,"black",NA,0.6,NA,46.98
1.18605489092189,47.2656690813599,1,"black",NA,0.6,NA,46.9
1.20794370161858,47.2656690813599,1,"black",NA,0.6,NA,46.85
1.22983251231527,47.2656690813599,1,"black",NA,0.6,NA,46.8
1.25172132301196,47.2656690813599,1,"black",NA,0.6,NA,46.75
0.846778325123153,46.1450280609613,1,"black",NA,0.6,NA,46.69
0.868667135819845,46.1450280609613,1,"black",NA,0.6,NA,46.6
0.890555946516538,46.1450280609613,1,"black",NA,0.6,NA,46.49
0.91244475721323,46.1450280609613,1,"black",NA,0.6,NA,46.46
0.934333567909923,46.1450280609613,1,"black",NA,0.6,NA,46.35
0.956222378606615,46.1450280609613,1,"black",NA,0.6,NA,46.34
0.978111189303308,46.1450280609613,1,"black",NA,0.6,NA,46.31
1,46.1450280609613,1,"black",NA,0.6,NA,46.3
1.02188881069669,46.1450280609613,1,"black",NA,0.6,NA,46.23
1.04377762139338,46.1450280609613,1,"black",NA,0.6,NA,46.09
1.06566643209008,46.1450280609613,1,"black",NA,0.6,NA,46.08
1.08755524278677,46.1450280609613,1,"black",NA,0.6,NA,45.98
1.10944405348346,46.1450280609613,1,"black",NA,0.6,NA,45.79
1.13133286418015,46.1450280609613,1,"black",NA,0.6,NA,45.63
1.15322167487685,46.1450280609613,1,"black",NA,0.6,NA,45.59
0.846778325123153,45.0243870405627,1,"black",NA,0.6,NA,45.58
0.868667135819845,45.0243870405627,1,"black",NA,0.6,NA,45.49
0.890555946516538,45.0243870405627,1,"black",NA,0.6,NA,45.34
0.91244475721323,45.0243870405627,1,"black",NA,0.6,NA,45.21
0.934333567909923,45.0243870405627,1,"black",NA,0.6,NA,45.2
0.956222378606615,45.0243870405627,1,"black",NA,0.6,NA,45.13
0.978111189303308,45.0243870405627,1,"black",NA,0.6,NA,45.07
1,45.0243870405627,1,"black",NA,0.6,NA,45.05
1.02188881069669,45.0243870405627,1,"black",NA,0.6,NA,44.96
1.04377762139338,45.0243870405627,1,"black",NA,0.6,NA,44.93
1.06566643209008,45.0243870405627,1,"black",NA,0.6,NA,44.83
1.08755524278677,45.0243870405627,1,"black",NA,0.6,NA,44.76
1.10944405348346,45.0243870405627,1,"black",NA,0.6,NA,44.67
1.13133286418015,45.0243870405627,1,"black",NA,0.6,NA,44.58
1.15322167487685,45.0243870405627,1,"black",NA,0.6,NA,44.47
0.890555946516538,43.9037460201641,1,"black",NA,0.6,NA,44.4
0.91244475721323,43.9037460201641,1,"black",NA,0.6,NA,44.06
0.934333567909923,43.9037460201641,1,"black",NA,0.6,NA,44.02
0.956222378606615,43.9037460201641,1,"black",NA,0.6,NA,43.95
0.978111189303308,43.9037460201641,1,"black",NA,0.6,NA,43.89
1,43.9037460201641,1,"black",NA,0.6,NA,43.85
1.02188881069669,43.9037460201641,1,"black",NA,0.6,NA,43.71
1.04377762139338,43.9037460201641,1,"black",NA,0.6,NA,43.51
1.06566643209008,43.9037460201641,1,"black",NA,0.6,NA,43.49
1.08755524278677,43.9037460201641,1,"black",NA,0.6,NA,43.47
1.10944405348346,43.9037460201641,1,"black",NA,0.6,NA,43.46
0.835833919774806,42.7831049997655,1,"black",NA,0.6,NA,43.31
0.857722730471499,42.7831049997655,1,"black",NA,0.6,NA,43.29
0.879611541168191,42.7831049997655,1,"black",NA,0.6,NA,43.2
0.901500351864884,42.7831049997655,1,"black",NA,0.6,NA,43.06
0.923389162561576,42.7831049997655,1,"black",NA,0.6,NA,43.04
0.945277973258269,42.7831049997655,1,"black",NA,0.6,NA,43.01
0.967166783954961,42.7831049997655,1,"black",NA,0.6,NA,42.76
0.989055594651654,42.7831049997655,1,"black",NA,0.6,NA,42.76
1.01094440534835,42.7831049997655,1,"black",NA,0.6,NA,42.62
1.03283321604504,42.7831049997655,1,"black",NA,0.6,NA,42.53
1.05472202674173,42.7831049997655,1,"black",NA,0.6,NA,42.51
1.07661083743842,42.7831049997655,1,"black",NA,0.6,NA,42.44
1.09849964813512,42.7831049997655,1,"black",NA,0.6,NA,42.41
1.12038845883181,42.7831049997655,1,"black",NA,0.6,NA,42.33
1.1422772695285,42.7831049997655,1,"black",NA,0.6,NA,42.3
1.16416608022519,42.7831049997655,1,"black",NA,0.6,NA,42.27
0.91244475721323,41.6624639793669,1,"black",NA,0.6,NA,42.01
0.934333567909923,41.6624639793669,1,"black",NA,0.6,NA,41.94
0.956222378606615,41.6624639793669,1,"black",NA,0.6,NA,41.93
0.978111189303308,41.6624639793669,1,"black",NA,0.6,NA,41.82
1,41.6624639793669,1,"black",NA,0.6,NA,41.81
1.02188881069669,41.6624639793669,1,"black",NA,0.6,NA,41.66
1.04377762139338,41.6624639793669,1,"black",NA,0.6,NA,41.65
1.06566643209008,41.6624639793669,1,"black",NA,0.6,NA,41.63
1.08755524278677,41.6624639793669,1,"black",NA,0.6,NA,41.58
0.91244475721323,40.5418229589683,1,"black",NA,0.6,NA,41.01
0.934333567909923,40.5418229589683,1,"black",NA,0.6,NA,40.98
0.956222378606615,40.5418229589683,1,"black",NA,0.6,NA,40.95
0.978111189303308,40.5418229589683,1,"black",NA,0.6,NA,40.83
1,40.5418229589683,1,"black",NA,0.6,NA,40.67
1.02188881069669,40.5418229589683,1,"black",NA,0.6,NA,40.58
1.04377762139338,40.5418229589683,1,"black",NA,0.6,NA,40.4
1.06566643209008,40.5418229589683,1,"black",NA,0.6,NA,40.28
1.08755524278677,40.5418229589683,1,"black",NA,0.6,NA,40.19
0.813945109078114,39.4211819385697,1,"black",NA,0.6,NA,39.82
0.835833919774806,39.4211819385697,1,"black",NA,0.6,NA,39.73
0.857722730471499,39.4211819385697,1,"black",NA,0.6,NA,39.67
0.879611541168191,39.4211819385697,1,"black",NA,0.6,NA,39.63
0.901500351864884,39.4211819385697,1,"black",NA,0.6,NA,39.62
0.923389162561576,39.4211819385697,1,"black",NA,0.6,NA,39.54
0.945277973258269,39.4211819385697,1,"black",NA,0.6,NA,39.44
0.967166783954961,39.4211819385697,1,"black",NA,0.6,NA,39.44
0.989055594651654,39.4211819385697,1,"black",NA,0.6,NA,39.43
1.01094440534835,39.4211819385697,1,"black",NA,0.6,NA,39.39
1.03283321604504,39.4211819385697,1,"black",NA,0.6,NA,39.38
1.05472202674173,39.4211819385697,1,"black",NA,0.6,NA,39.34
1.07661083743842,39.4211819385697,1,"black",NA,0.6,NA,39.26
1.09849964813512,39.4211819385697,1,"black",NA,0.6,NA,39.25
1.12038845883181,39.4211819385697,1,"black",NA,0.6,NA,39.25
1.1422772695285,39.4211819385697,1,"black",NA,0.6,NA,39.17
1.16416608022519,39.4211819385697,1,"black",NA,0.6,NA,39.12
1.18605489092189,39.4211819385697,1,"black",NA,0.6,NA,39.08
0.934333567909923,38.3005409181712,1,"black",NA,0.6,NA,38.44
0.956222378606615,38.3005409181712,1,"black",NA,0.6,NA,38.38
0.978111189303308,38.3005409181712,1,"black",NA,0.6,NA,38.19
1,38.3005409181712,1,"black",NA,0.6,NA,38.15
1.02188881069669,38.3005409181712,1,"black",NA,0.6,NA,38.02
1.04377762139338,38.3005409181712,1,"black",NA,0.6,NA,37.94
1.06566643209008,38.3005409181712,1,"black",NA,0.6,NA,37.75
0.934333567909923,37.1798998977726,1,"black",NA,0.6,NA,37.72
0.956222378606615,37.1798998977726,1,"black",NA,0.6,NA,37.6
0.978111189303308,37.1798998977726,1,"black",NA,0.6,NA,37.5
1,37.1798998977726,1,"black",NA,0.6,NA,37.31
1.02188881069669,37.1798998977726,1,"black",NA,0.6,NA,37.11
1.04377762139338,37.1798998977726,1,"black",NA,0.6,NA,36.95
1.06566643209008,37.1798998977726,1,"black",NA,0.6,NA,36.64
0.890555946516538,36.059258877374,1,"black",NA,0.6,NA,36.49
0.91244475721323,36.059258877374,1,"black",NA,0.6,NA,36.4
0.934333567909923,36.059258877374,1,"black",NA,0.6,NA,36.26
0.956222378606615,36.059258877374,1,"black",NA,0.6,NA,36.15
0.978111189303308,36.059258877374,1,"black",NA,0.6,NA,36.12
1,36.059258877374,1,"black",NA,0.6,NA,36.06
1.02188881069669,36.059258877374,1,"black",NA,0.6,NA,36.05
1.04377762139338,36.059258877374,1,"black",NA,0.6,NA,35.95
1.06566643209008,36.059258877374,1,"black",NA,0.6,NA,35.82
1.08755524278677,36.059258877374,1,"black",NA,0.6,NA,35.74
1.10944405348346,36.059258877374,1,"black",NA,0.6,NA,35.63
0.967166783954961,34.9386178569754,1,"black",NA,0.6,NA,35.4
0.989055594651654,34.9386178569754,1,"black",NA,0.6,NA,35.08
1.01094440534835,34.9386178569754,1,"black",NA,0.6,NA,34.62
1.03283321604504,34.9386178569754,1,"black",NA,0.6,NA,34.57
0.967166783954961,33.8179768365768,1,"black",NA,0.6,NA,34.23
0.989055594651654,33.8179768365768,1,"black",NA,0.6,NA,34.11
1.01094440534835,33.8179768365768,1,"black",NA,0.6,NA,33.97
1.03283321604504,33.8179768365768,1,"black",NA,0.6,NA,33.38
0.945277973258269,32.6973358161782,1,"black",NA,0.6,NA,33.07
0.967166783954961,32.6973358161782,1,"black",NA,0.6,NA,33.04
0.989055594651654,32.6973358161782,1,"black",NA,0.6,NA,32.62
1.01094440534835,32.6973358161782,1,"black",NA,0.6,NA,32.31
1.03283321604504,32.6973358161782,1,"black",NA,0.6,NA,32.31
1.05472202674173,32.6973358161782,1,"black",NA,0.6,NA,32.25
0.923389162561576,31.5766947957796,1,"black",NA,0.6,NA,32.12
0.945277973258269,31.5766947957796,1,"black",NA,0.6,NA,32.11
0.967166783954961,31.5766947957796,1,"black",NA,0.6,NA,32.09
0.989055594651654,31.5766947957796,1,"black",NA,0.6,NA,32.09
1.01094440534835,31.5766947957796,1,"black",NA,0.6,NA,32.08
1.03283321604504,31.5766947957796,1,"black",NA,0.6,NA,32.07
1.05472202674173,31.5766947957796,1,"black",NA,0.6,NA,31.5
1.07661083743842,31.5766947957796,1,"black",NA,0.6,NA,31.27
1,30.456053775381,1,"black",NA,0.6,NA,29.94
0.967166783954961,29.3354127549824,1,"black",NA,0.6,NA,29.86
0.989055594651654,29.3354127549824,1,"black",NA,0.6,NA,29.75
1.01094440534835,29.3354127549824,1,"black",NA,0.6,NA,29.32
1.03283321604504,29.3354127549824,1,"black",NA,0.6,NA,28.93
0.956222378606615,28.2147717345838,1,"black",NA,0.6,NA,28.59
0.978111189303308,28.2147717345838,1,"black",NA,0.6,NA,27.93
1,28.2147717345838,1,"black",NA,0.6,NA,27.76
1.02188881069669,28.2147717345838,1,"black",NA,0.6,NA,27.73
1.04377762139338,28.2147717345838,1,"black",NA,0.6,NA,27.69
0.989055594651654,27.0941307141852,1,"black",NA,0.6,NA,27.22
1.01094440534835,27.0941307141852,1,"black",NA,0.6,NA,26.79
0.978111189303308,25.9734896937866,1,"black",NA,0.6,NA,25.68
1,25.9734896937866,1,"black",NA,0.6,NA,25.61
1.02188881069669,25.9734896937866,1,"black",NA,0.6,NA,25.47
0.956222378606615,24.852848673388,1,"black",NA,0.6,NA,25.28
0.978111189303308,24.852848673388,1,"black",NA,0.6,NA,24.83
1,24.852848673388,1,"black",NA,0.6,NA,24.64
1.02188881069669,24.852848673388,1,"black",NA,0.6,NA,24.64
1.04377762139338,24.852848673388,1,"black",NA,0.6,NA,24.5
0.956222378606615,23.7322076529894,1,"black",NA,0.6,NA,24.19
0.978111189303308,23.7322076529894,1,"black",NA,0.6,NA,23.97
1,23.7322076529894,1,"black",NA,0.6,NA,23.89
1.02188881069669,23.7322076529894,1,"black",NA,0.6,NA,23.7
1.04377762139338,23.7322076529894,1,"black",NA,0.6,NA,23.53
0.978111189303308,22.6115666325909,1,"black",NA,0.6,NA,23.03
1,22.6115666325909,1,"black",NA,0.6,NA,22.52
1.02188881069669,22.6115666325909,1,"black",NA,0.6,NA,22.32
0.989055594651654,21.4909256121923,1,"black",NA,0.6,NA,21.78
1.01094440534835,21.4909256121923,1,"black",NA,0.6,NA,21.44
1,20.3702845917937,1,"black",NA,0.6,NA,20.9
1,18.1290025509965,1,"black",NA,0.6,NA,17.72
0.989055594651654,17.0083615305979,1,"black",NA,0.6,NA,17.45
1.01094440534835,17.0083615305979,1,"black",NA,0.6,NA,16.57
1,15.8877205101993,1,"black",NA,0.6,NA,15.93
